mfl_id,mfl_name,player,pos,team
0501,"Bills, Buffalo",bills defense,DST,BUF
0502,"Colts, Indianapolis",colts defense,DST,IND
0503,"Dolphins, Miami",dolphins defense,DST,MIA
0504,"Patriots, New England",patriots defense,DST,NEP
0505,"Jets, New York",jets defense,DST,NYJ
0506,"Bengals, Cincinnati",bengals defense,DST,CIN
0507,"Browns, Cleveland",browns defense,DST,CLE
0508,"Titans, Tennessee",titans defense,DST,TEN
0509,"Jaguars, Jacksonville",jaguars defense,DST,JAC
0510,"Steelers, Pittsburgh",steelers defense,DST,PIT
0511,"Broncos, Denver",broncos defense,DST,DEN
0512,"Chiefs, Kansas City",chiefs defense,DST,KCC
0513,"Raiders, Las Vegas",raiders defense,DST,LVR
0514,"Chargers, Los Angeles",chargers defense,DST,LAC
0515,"Seahawks, Seattle",seahawks defense,DST,SEA
0516,"Cowboys, Dallas",cowboys defense,DST,DAL
0517,"Giants, New York",giants defense,DST,NYG
0518,"Eagles, Philadelphia",eagles defense,DST,PHI
0519,"Cardinals, Arizona",cardinals defense,DST,ARI
0520,"FootballTeam, Washington",footballteam defense,DST,WAS
0521,"Bears, Chicago",bears defense,DST,CHI
0522,"Lions, Detroit",lions defense,DST,DET
0523,"Packers, Green Bay",packers defense,DST,GBP
0524,"Vikings, Minnesota",vikings defense,DST,MIN
0525,"Buccaneers, Tampa Bay",buccaneers defense,DST,TBB
0526,"Falcons, Atlanta",falcons defense,DST,ATL
0527,"Panthers, Carolina",panthers defense,DST,CAR
0528,"Rams, Los Angeles",rams defense,DST,LAR
0529,"Saints, New Orleans",saints defense,DST,NOS
0530,"49ers, San Francisco",49ers defense,DST,SFO
0531,"Ravens, Baltimore",ravens defense,DST,BAL
0532,"Texans, Houston",texans defense,DST,HOU
2842,"Vinatieri, Adam",adam vinatieri,K,FA
4397,"Nix, Roosevelt",roosevelt nix,RB,FA
4925,"Brees, Drew",drew brees,QB,NOS
5848,"Brady, Tom",tom brady,QB,TBB
6589,"McCown, Josh",josh mccown,QB,HOU
6789,"Bryant, Matt",matt bryant,K,FA
6997,"Witten, Jason",jason witten,TE,FA
7391,"Manning, Eli",eli manning,QB,FA
7393,"Fitzgerald, Larry",larry fitzgerald,WR,ARI
7394,"Rivers, Philip",philip rivers,QB,FA
7401,"Roethlisberger, Ben",ben roethlisberger,QB,PIT
7422,"Watson, Ben",ben watson,TE,FA
7480,"Schaub, Matt",matt schaub,QB,FA
7813,"Smith, Alex",alex smith,QB,WAS
7836,"Rodgers, Aaron",aaron rodgers,QB,GBP
7859,"Nugent, Mike",mike nugent,K,ARI
7877,"Gore, Frank",frank gore,RB,NYJ
7942,"Sproles, Darren",darren sproles,RB,FA
8062,"Fitzpatrick, Ryan",ryan fitzpatrick,QB,MIA
8153,"Gould, Robbie",robbie gould,K,SFO
8247,"Davis, Vernon",vernon davis,TE,FA
8269,"Lewis, Marcedes",marcedes lewis,TE,GBP
8359,"Gostkowski, Stephen",stephen gostkowski,K,TEN
8416,"Walker, Delanie",delanie walker,TE,FA
8658,"Peterson, Adrian",adrian peterson,RB,DET
8670,"Lynch, Marshawn",marshawn lynch,RB,FA
8673,"Ginn Jr., Ted",ted ginn,WR,FA
8687,"Olsen, Greg",greg olsen,TE,FA
8712,"Stanton, Drew",drew stanton,QB,FA
8742,"Crosby, Mason",mason crosby,K,GBP
8851,"Folk, Nick",nick folk,K,NEP
8930,"Prater, Matt",matt prater,K,DET
8944,"Moore, Matt",matt moore,QB,KCC
9064,"Flacco, Joe",joe flacco,QB,NYJ
9073,"Henne, Chad",chad henne,QB,KCC
9075,"Jackson, DeSean",desean jackson,WR,PHI
9099,"Ryan, Matt",matt ryan,QB,ATL
9200,"Slater, Matt",matt slater,WR,NEP
9250,"Garcon, Pierre",pierre garcon,WR,FA
9308,"Amendola, Danny",danny amendola,WR,DET
9319,"Hauschka, Steven",steven hauschka,K,FA
9427,"Crabtree, Michael",michael crabtree,WR,FA
9431,"Stafford, Matthew",matthew stafford,QB,LAR
9441,"Harvin, Percy",percy harvin,WR,FA
9448,"McCoy, LeSean",lesean mccoy,RB,TBB
9474,"Cook, Jared",jared cook,TE,NOS
9525,"Wallace, Mike",mike wallace,WR,FA
9662,"Edelman, Julian",julian edelman,WR,NEP
9686,"Succop, Ryan",ryan succop,K,TBB
9694,"Gano, Graham",graham gano,K,NYG
9706,"Daniel, Chase",chase daniel,QB,DET
9714,"Hoyer, Brian",brian hoyer,QB,NEP
9817,"Bradford, Sam",sam bradford,QB,FA
9823,"Bryant, Dez",dez bryant,WR,BAL
9831,"Tate, Golden",golden tate,WR,NYG
9843,"LaFell, Brandon",brandon lafell,WR,FA
9884,"Thomas, Demaryius",demaryius thomas,WR,FA
9898,"Blount, LeGarrette",legarrette blount,RB,FA
9899,"McCoy, Colt",colt mccoy,QB,NYG
9902,"Gronkowski, Rob",rob gronkowski,TE,TBB
9912,"Dickson, Ed",ed dickson,TE,FA
9918,"Sanders, Emmanuel",emmanuel sanders,WR,NOS
9921,"Roberts, Andre",andre roberts,WR,BUF
9925,"Graham, Jimmy",jimmy graham,TE,CHI
9988,"Brown, Antonio",antonio brown,WR,TBB
9992,"Webb, Joe",joe webb,QB,NYG
10077,"Ivory, Chris",chris ivory,RB,FA
10261,"Green, A.J.",aj green,WR,CIN
10262,"Gabbert, Blaine",blaine gabbert,QB,TBB
10271,"Jones, Julio",julio jones,WR,ATL
10273,"Newton, Cam",cam newton,QB,NEP
10276,"Ingram, Mark",mark ingram,RB,FA
10297,"Kaepernick, Colin",colin kaepernick,QB,FA
10300,"Rodgers, Jacquizz",jacquizz rodgers,RB,FA
10308,"Cobb, Randall",randall cobb,WR,HOU
10312,"Rudolph, Kyle",kyle rudolph,TE,MIN
10313,"Dalton, Andy",andy dalton,QB,DAL
10318,"Kendricks, Lance",lance kendricks,TE,FA
10354,"Stocker, Luke",luke stocker,TE,ATL
10368,"Jones, Taiwan",taiwan jones,RB,BUF
10369,"Powell, Bilal",bilal powell,RB,FA
10378,"Sherman, Anthony",anthony sherman,RB,KCC
10389,"Lewis, Dion",dion lewis,RB,NYG
10398,"Smith, Lee",lee smith,TE,BUF
10409,"Clay, Charles",charles clay,TE,FA
10410,"Harris, Dwayne",dwayne harris,WR,CHI
10412,"Robinson, Aldrick",aldrick robinson,WR,FA
10413,"Taylor, Tyrod",tyrod taylor,QB,LAC
10432,"Green, Virgil",virgil green,TE,LAC
10437,"Miller, Bruce",bruce miller,TE,FA
10487,"Forbath, Kai",kai forbath,K,FA
10500,"Pryor, Terrelle",terrelle pryor,WR,FA
10506,"Bailey, Dan",dan bailey,K,MIN
10514,"Bellore, Nick",nick bellore,RB,SEA
10695,"Luck, Andrew",andrew luck,QB,FA
10696,"Griffin III, Robert",robert griffin,QB,BAL
10697,"Tannehill, Ryan",ryan tannehill,QB,TEN
10699,"Foles, Nick",nick foles,QB,CHI
10700,"Cousins, Kirk",kirk cousins,QB,MIN
10703,"Wilson, Russell",russell wilson,QB,SEA
10708,"Miller, Lamar",lamar miller,RB,WAS
10709,"Martin, Doug",doug martin,RB,FA
10714,"Turbin, Robert",robert turbin,RB,FA
10721,"Floyd, Michael",michael floyd,WR,FA
10722,"Jeffery, Alshon",alshon jeffery,WR,PHI
10723,"Sanu, Mohamed",mohamed sanu,WR,DET
10729,"Hilton, T.Y.",ty hilton,WR,IND
10734,"Wright, Jarius",jarius wright,WR,FA
10737,"Benjamin, Travis",travis benjamin,WR,SFO
10738,"Jones, Marvin",marvin jones,WR,DET
10742,"Allen, Dwayne",dwayne allen,TE,FA
10838,"Ellison, Rhett",rhett ellison,TE,FA
10862,"Bullock, Randy",randy bullock,K,CIN
10868,"Zuerlein, Greg",greg zuerlein,K,DAL
10870,"Morris, Alfred",alfred morris,RB,NYG
10932,"Bolden, Brandon",brandon bolden,RB,NEP
10935,"Tanney, Alex",alex tanney,QB,NYG
10940,"Carrier, Derek",derek carrier,TE,LVR
10948,"Keenum, Case",case keenum,QB,CLE
10956,"Thompson, Deonte",deonte thompson,WR,FA
10960,"Gordon, Josh",josh gordon,WR,SEA
10973,"Beasley, Cole",cole beasley,WR,BUF
10976,"Tucker, Justin",justin tucker,K,BAL
10983,"Hogan, Chris",chris hogan,WR,FA
10985,"Olawale, Jamize",jamize olawale,RB,DAL
11007,"Celek, Garrett",garrett celek,TE,FA
11065,"Brinkley, Beau",beau brinkley,TE,FA
11076,"Kearse, Jermaine",jermaine kearse,WR,FA
11100,"DiMarco, Patrick",patrick dimarco,RB,FA
11101,"Develin, James",james develin,RB,FA
11104,"Bellamy, Josh",josh bellamy,WR,FA
11128,"Nelson, Kyle",kyle nelson,TE,FA
11150,"Smith, Geno",geno smith,QB,SEA
11151,"Barkley, Matt",matt barkley,QB,BUF
11152,"Glennon, Mike",mike glennon,QB,JAC
11170,"Bray, Tyler",tyler bray,QB,CHI
11175,"Ellington, Andre",andre ellington,RB,FA
11177,"Barner, Kenjon",kenjon barner,RB,TBB
11182,"Burkhead, Rex",rex burkhead,RB,NEP
11186,"Thompson, Chris",chris thompson,RB,JAC
11188,"Riddick, Theo",theo riddick,RB,LVR
11192,"Bell, Le'Veon",leveon bell,RB,KCC
11193,"Bernard, Giovani",giovani bernard,RB,CIN
11199,"Ware, Spencer",spencer ware,RB,FA
11211,"Williams, Terrance",terrance williams,WR,FA
11212,"Hunter, Justin",justin hunter,WR,FA
11213,"Austin, Tavon",tavon austin,WR,GBP
11222,"Allen, Keenan",keenan allen,WR,LAC
11225,"Patterson, Cordarrelle",cordarrelle patterson,WR,CHI
11227,"Stills, Kenny",kenny stills,WR,BUF
11228,"Woods, Robert",robert woods,WR,LAR
11232,"Hopkins, DeAndre",deandre hopkins,WR,ARI
11237,"Shepard, Russell",russell shepard,WR,FA
11239,"Goodwin, Marquise",marquise goodwin,WR,PHI
11244,"Kelce, Travis",travis kelce,TE,KCC
11247,"Ertz, Zach",zach ertz,TE,PHI
11248,"Reed, Jordan",jordan reed,TE,SFO
11250,"Eifert, Tyler",tyler eifert,TE,JAC
11252,"Toilolo, Levine",levine toilolo,TE,NYG
11257,"McDonald, Vance",vance mcdonald,TE,FA
11337,"Fells, Darren",darren fells,TE,HOU
11339,"Tavecchio, Giorgio",giorgio tavecchio,K,FA
11367,"Juszczyk, Kyle",kyle juszczyk,RB,SFO
11381,"Willson, Luke",luke willson,TE,SEA
11387,"Hopkins, Dustin",dustin hopkins,K,WAS
11390,"Murray, Latavius",latavius murray,RB,NOS
11399,"Griffin, Ryan",ryan griffin,TE,NYJ
11406,"Butler, Brice",brice butler,WR,FA
11441,"Griffin, Ryan",ryan griffin,QB,TBB
11448,"Harris, Demetrius",demetrius harris,TE,CHI
11454,"Anderson, C.J.",cj anderson,RB,FA
11456,"Brown, Jaron",jaron brown,WR,FA
11474,"Line, Zach",zach line,RB,FA
11516,"Doyle, Jack",jack doyle,TE,IND
11529,"Hill, Josh",josh hill,TE,NOS
11640,"Bridgewater, Teddy",teddy bridgewater,QB,CAR
11642,"Bortles, Blake",blake bortles,QB,LAR
11643,"McCarron, A.J.",aj mccarron,QB,HOU
11644,"Carr, Derek",derek carr,QB,LVR
11647,"Thomas, Logan",logan thomas,TE,WAS
11654,"Hill, Jeremy",jeremy hill,RB,FA
11657,"Hyde, Carlos",carlos hyde,RB,SEA
11659,"Thomas, De'Anthony",deanthony thomas,WR,FA
11660,"Freeman, Devonta",devonta freeman,RB,FA
11668,"Crowell, Isaiah",isaiah crowell,RB,FA
11670,"Watkins, Sammy",sammy watkins,WR,KCC
11671,"Evans, Mike",mike evans,WR,TBB
11672,"Lee, Marqise",marqise lee,WR,NEP
11673,"Benjamin, Kelvin",kelvin benjamin,WR,FA
11674,"Cooks, Brandin",brandin cooks,WR,HOU
11675,"Adams, Davante",davante adams,WR,GBP
11676,"Matthews, Jordan",jordan matthews,WR,SFO
11677,"Moncrief, Donte",donte moncrief,WR,NEP
11678,"Robinson, Allen",allen robinson,WR,CHI
11679,"Beckham, Odell",odell beckham,WR,CLE
11680,"Landry, Jarvis",jarvis landry,WR,CLE
11681,"Richardson, Paul",paul richardson,WR,FA
11686,"Jones, T.J.",tj jones,WR,FA
11688,"Bryant, Martavis",martavis bryant,WR,FA
11689,"Ellington, Bruce",bruce ellington,WR,FA
11695,"Ebron, Eric",eric ebron,TE,PIT
11697,"Seferian-Jenkins, Austin",austin seferianjenkins,TE,FA
11701,"Grimble, Xavier",xavier grimble,TE,FA
11705,"Burton, Trey",trey burton,TE,IND
11747,"White, James",james white,RB,NEP
11758,"Latimer, Cody",cody latimer,WR,FA
11760,"Garoppolo, Jimmy",jimmy garoppolo,QB,SFO
11761,"McKinnon, Jerick",jerick mckinnon,RB,SFO
11783,"Brown, John",john brown,WR,BUF
11785,"Rodgers, Richard",richard rodgers,TE,PHI
11812,"Grant, Ryan",ryan grant,WR,FA
11834,"Blue, Alfred",alfred blue,RB,FA
11835,"Fales, David",david fales,QB,FA
11850,"Enunwa, Quincy",quincy enunwa,WR,FA
11854,"Gilbert, Garrett",garrett gilbert,QB,DAL
11886,"Williams, Damien",damien williams,RB,KCC
11890,"Wilson, Albert",albert wilson,WR,MIA
11894,"Fluellen, David",david fluellen,RB,FA
11925,"Hurns, Allen",allen hurns,WR,MIA
11931,"Fowler, Bennie",bennie fowler,WR,NOS
11936,"Boswell, Chris",chris boswell,K,PIT
11938,"Thielen, Adam",adam thielen,WR,MIN
11945,"Santos, Cairo",cairo santos,K,CHI
11947,"McManus, Brandon",brandon mcmanus,K,DEN
11951,"Snead, Willie",willie snead,WR,BAL
11957,"Inman, Dontrelle",dontrelle inman,WR,WAS
11960,"Catanzaro, Chandler",chandler catanzaro,K,FA
11964,"Perry, Senorise",senorise perry,RB,TEN
11966,"Parkey, Cody",cody parkey,K,CLE
11975,"Gabriel, Taylor",taylor gabriel,WR,FA
12040,"Smith, Keith",keith smith,RB,ATL
12098,"West, Charcandrick",charcandrick west,RB,FA
12110,"Brate, Cameron",cameron brate,TE,TBB
12138,"Simonson, Scott",scott simonson,TE,FA
12140,"Winston, Jameis",jameis winston,QB,NOS
12141,"Mariota, Marcus",marcus mariota,QB,LVR
12142,"Hundley, Brett",brett hundley,QB,ARI
12145,"Mannion, Sean",sean mannion,QB,MIN
12150,"Gurley, Todd",todd gurley,RB,ATL
12151,"Gordon, Melvin",melvin gordon,RB,DEN
12152,"Coleman, Tevin",tevin coleman,RB,SFO
12153,"Yeldon, T.J.",tj yeldon,RB,BUF
12154,"Ajayi, Jay",jay ajayi,RB,FA
12155,"Abdullah, Ameer",ameer abdullah,RB,MIN
12157,"Johnson, Duke",duke johnson,RB,HOU
12159,"Allen, Javorius",javorius allen,RB,FA
12161,"Artis-Payne, Cameron",cameron artispayne,RB,FA
12164,"Davis, Mike",mike davis,RB,CAR
12169,"Rawls, Thomas",thomas rawls,RB,FA
12171,"Johnson, David",david johnson,RB,HOU
12175,"Cooper, Amari",amari cooper,WR,DAL
12176,"Parker, DeVante",devante parker,WR,MIA
12177,"White, Kevin",kevin white,WR,SFO
12179,"Strong, Jaelen",jaelen strong,WR,FA
12181,"Agholor, Nelson",nelson agholor,WR,LVR
12182,"Smith, Devin",devin smith,WR,NEP
12184,"Crowder, Jamison",jamison crowder,WR,NYJ
12185,"Hardy, Justin",justin hardy,WR,FA
12186,"Diggs, Stefon",stefon diggs,WR,BUF
12187,"Lockett, Tyler",tyler lockett,WR,SEA
12188,"Dorsett, Phillip",phillip dorsett,WR,SEA
12197,"Perriman, Breshad",breshad perriman,WR,NYJ
12205,"Funchess, Devin",devin funchess,WR,GBP
12206,"Williams, Maxx",maxx williams,TE,ARI
12207,"O'Leary, Nick",nick oleary,TE,LVR
12208,"Heuerman, Jeff",jeff heuerman,TE,FA
12209,"Koyack, Ben",ben koyack,TE,FA
12210,"Walford, Clive",clive walford,TE,FA
12211,"James, Jesse",jesse james,TE,DET
12212,"Kroft, Tyler",tyler kroft,TE,BUF
12213,"Bell, Blake",blake bell,TE,DAL
12257,"Conley, Chris",chris conley,WR,JAC
12261,"Montgomery, Ty",ty montgomery,RB,NOS
12263,"Waller, Darren",darren waller,TE,LVR
12264,"Zenner, Zach",zach zenner,RB,FA
12309,"Pruitt, MyCole",mycole pruitt,TE,TEN
12317,"Uzomah, C.J.",cj uzomah,TE,CIN
12319,"Nelson, J.J.",jj nelson,WR,IND
12325,"Burton, Michael",michael burton,RB,NOS
12328,"Boyle, Nick",nick boyle,TE,BAL
12330,"O'Shaughnessy, James",james oshaughnessy,TE,JAC
12338,"Davis, Geremy",geremy davis,WR,FA
12367,"Murphy, Marcus",marcus murphy,RB,FA
12378,"Swaim, Geoff",geoff swaim,TE,TEN
12381,"Siemian, Trevor",trevor siemian,QB,NOS
12386,"Brown, Malcolm",malcolm brown,RB,LAR
12391,"Williams, Tyrell",tyrell williams,WR,LVR
12394,"Carter, DeAndre",deandre carter,WR,CHI
12402,"Grant, Corey",corey grant,RB,FA
12417,"Lambo, Josh",josh lambo,K,JAC
12429,"White, DeAndrew",deandrew white,WR,BAL
12437,"Myers, Jason",jason myers,K,SEA
12443,"Kumerow, Jake",jake kumerow,WR,BUF
12444,"Smith, Rod",rod smith,RB,FA
12447,"Mostert, Raheem",raheem mostert,RB,SFO
12464,"Byrd, Damiere",damiere byrd,WR,NEP
12465,"Meredith, Cameron",cameron meredith,WR,FA
12471,"Roberts, Seth",seth roberts,WR,FA
12476,"Heinicke, Taylor",taylor heinicke,QB,WAS
12479,"Lee, Khari",khari lee,TE,FA
12505,"Humphries, Adam",adam humphries,WR,TEN
12585,"Brown, Daniel",daniel brown,TE,NYJ
12586,"Jennings, Darius",darius jennings,WR,FA
12596,"LaCosse, Matt",matt lacosse,TE,NEP
12608,"Winchester, James",james winchester,TE,KCC
12610,"Wentz, Carson",carson wentz,QB,PHI
12611,"Goff, Jared",jared goff,QB,DET
12612,"Lynch, Paxton",paxton lynch,QB,FA
12615,"Jones, Cardale",cardale jones,QB,FA
12616,"Brissett, Jacoby",jacoby brissett,QB,IND
12617,"Kessler, Cody",cody kessler,QB,FA
12620,"Prescott, Dak",dak prescott,QB,DAL
12621,"Allen, Brandon",brandon allen,QB,CIN
12623,"Driskel, Jeff",jeff driskel,QB,DEN
12625,"Elliott, Ezekiel",ezekiel elliott,RB,DAL
12626,"Henry, Derrick",derrick henry,RB,TEN
12627,"Prosise, C.J.",cj prosise,RB,FA
12628,"Collins, Alex",alex collins,RB,SEA
12629,"Booker, Devontae",devontae booker,RB,LVR
12630,"Drake, Kenyan",kenyan drake,RB,ARI
12631,"Perkins, Paul",paul perkins,RB,IND
12632,"Dixon, Kenneth",kenneth dixon,RB,FA
12634,"Howard, Jordan",jordan howard,RB,PHI
12635,"Williams, Jonathan",jonathan williams,RB,WAS
12636,"Smallwood, Wendell",wendell smallwood,RB,FA
12637,"Barber, Peyton",peyton barber,RB,WAS
12639,"Ervin, Tyler",tyler ervin,RB,GBP
12640,"Ferguson, Josh",josh ferguson,RB,FA
12645,"Treadwell, Laquon",laquon treadwell,WR,ATL
12646,"Coleman, Corey",corey coleman,WR,FA
12647,"Fuller, Will",will fuller,WR,HOU
12648,"Doctson, Josh",josh doctson,WR,NYJ
12650,"Boyd, Tyler",tyler boyd,WR,CIN
12651,"Miller, Braxton",braxton miller,WR,FA
12652,"Thomas, Michael",michael thomas,WR,NOS
12656,"Higgins, Rashard",rashard higgins,WR,CLE
12657,"Sharpe, Tajae",tajae sharpe,WR,FA
12658,"Shepard, Sterling",sterling shepard,WR,NYG
12660,"Cooper, Pharoh",pharoh cooper,WR,CAR
12665,"Allison, Geronimo",geronimo allison,WR,DET
12667,"Williams, Duke",duke williams,WR,BUF
12673,"Peake, Charone",charone peake,WR,FA
12675,"Thomas, Mike",mike thomas,WR,CIN
12676,"Henry, Hunter",hunter henry,TE,LAC
12677,"Hooper, Austin",austin hooper,TE,CLE
12678,"Higbee, Tyler",tyler higbee,TE,LAR
12680,"Vannett, Nick",nick vannett,TE,DEN
12681,"Adams, Jerell",jerell adams,TE,FA
12685,"Perkins, Joshua",joshua perkins,TE,PHI
12731,"Rogers, Eli",eli rogers,WR,FA
12773,"Moore, Chris",chris moore,WR,BAL
12785,"Robinson, Demarcus",demarcus robinson,WR,KCC
12792,"DeValve, Seth",seth devalve,TE,ARI
12800,"Davis, Trevor",trevor davis,WR,WAS
12801,"Hill, Tyreek",tyreek hill,WR,KCC
12806,"Janovich, Andy",andy janovich,RB,CLE
12807,"Hemingway, Temarrick",temarrick hemingway,TE,WAS
12814,"Grant, Jakeem",jakeem grant,WR,MIA
12815,"Sudfeld, Nate",nate sudfeld,QB,PHI
12819,"Rudock, Jake",jake rudock,QB,MIA
12822,"Vitale, Dan",dan vitale,RB,NEP
12823,"Watt, Derek",derek watt,RB,PIT
12824,"Core, Cody",cody core,WR,NYG
12832,"Jackson, Darius",darius jackson,RB,FA
12833,"Gathers, Rico",rico gathers,TE,FA
12845,"Washington, Dwayne",dwayne washington,RB,NOS
12857,"Washington, DeAndre",deandre washington,RB,MIA
12859,"Anderson, Stephen",stephen anderson,TE,LAC
12860,"Fairbairn, Ka'imi",kaimi fairbairn,K,HOU
12868,"Braunecker, Ben",ben braunecker,TE,FA
12871,"Foster, D.J.",dj foster,RB,ARI
12873,"Jones, Andy",andy jones,WR,FA
12887,"Kelley, Rob",rob kelley,RB,FA
12890,"Jones, Tevin",tevin jones,WR,FA
12898,"Travis, Ross",ross travis,TE,NYJ
12912,"Richard, Jalen",jalen richard,RB,LVR
12913,"Erickson, Alex",alex erickson,WR,CIN
12916,"Holton, Johnny",johnny holton,WR,NYG
12917,"Harris, Maurice",maurice harris,WR,FA
12921,"Lewis, Tommylee",tommylee lewis,WR,FA
12923,"Ham, C.J.",cj ham,RB,MIN
12929,"Pope, Troymaine",troymaine pope,RB,FA
12930,"Anderson, Robby",robby anderson,WR,CAR
12934,"Rogers, Chester",chester rogers,WR,TEN
12955,"Manhertz, Chris",chris manhertz,TE,CAR
12956,"Lutz, Wil",wil lutz,K,NOS
13044,"Lengel, Matt",matt lengel,TE,FA
13057,"Carson, Tra",tra carson,RB,FA
13065,"Tomlinson, Eric",eric tomlinson,TE,BAL
13066,"Raymond, Kalif",kalif raymond,WR,TEN
13108,"McKissic, J.D.",jd mckissic,RB,WAS
13113,"Watson, Deshaun",deshaun watson,QB,HOU
13114,"Kizer, DeShone",deshone kizer,QB,TEN
13115,"Trubisky, Mitchell",mitchell trubisky,QB,CHI
13116,"Mahomes, Patrick",patrick mahomes,QB,KCC
13119,"Dobbs, Joshua",joshua dobbs,QB,PIT
13120,"Webb, Davis",davis webb,QB,BUF
13121,"Kelly, Chad",chad kelly,QB,FA
13124,"Rush, Cooper",cooper rush,QB,DAL
13125,"Beathard, C.J.",cj beathard,QB,SFO
13127,"Peterman, Nathan",nathan peterman,QB,LVR
13128,"Cook, Dalvin",dalvin cook,RB,MIN
13129,"Fournette, Leonard",leonard fournette,RB,TBB
13130,"McCaffrey, Christian",christian mccaffrey,RB,CAR
13131,"Mixon, Joe",joe mixon,RB,CIN
13132,"Kamara, Alvin",alvin kamara,RB,NOS
13133,"Perine, Samaje",samaje perine,RB,CIN
13134,"Foreman, D'Onta",donta foreman,RB,TEN
13135,"Gallman, Wayne",wayne gallman,RB,NYG
13136,"Clement, Corey",corey clement,RB,PHI
13138,"Hunt, Kareem",kareem hunt,RB,CLE
13139,"Williams, Jamaal",jamaal williams,RB,GBP
13140,"Dayes, Matthew",matthew dayes,RB,FA
13142,"Logan, T.J.",tj logan,RB,TBB
13143,"McNichols, Jeremy",jeremy mcnichols,RB,TEN
13144,"McGuire, Elijah",elijah mcguire,RB,MIA
13146,"Conner, James",james conner,RB,PIT
13148,"Ogunbowale, Dare",dare ogunbowale,RB,JAC
13153,"Davis, Corey",corey davis,WR,TEN
13154,"Williams, Mike",mike williams,WR,LAC
13155,"Ross, John",john ross,WR,CIN
13156,"Smith-Schuster, JuJu",juju smithschuster,WR,PIT
13157,"Samuel, Curtis",curtis samuel,WR,CAR
13158,"Westbrook, Dede",dede westbrook,WR,JAC
13161,"Scott, Artavis",artavis scott,WR,FA
13162,"Ford, Isaiah",isaiah ford,WR,MIA
13163,"Godwin, Chris",chris godwin,WR,TBB
13164,"Kupp, Cooper",cooper kupp,WR,LAR
13165,"Switzer, Ryan",ryan switzer,WR,CLE
13166,"Darboh, Amara",amara darboh,WR,CAR
13167,"Taylor, Taywan",taywan taylor,WR,CLE
13168,"Reynolds, Josh",josh reynolds,WR,LAR
13169,"Chesson, Jehu",jehu chesson,WR,FA
13170,"Gibson, Shelton",shelton gibson,WR,FA
13172,"Brown, Noah",noah brown,WR,DAL
13176,"Jones, Zay",zay jones,WR,LVR
13179,"Dieter, Gehrig",gehrig dieter,WR,KCC
13183,"Hansen, Chad",chad hansen,WR,HOU
13188,"Howard, O.J.",oj howard,TE,TBB
13189,"Engram, Evan",evan engram,TE,NYG
13190,"Butt, Jake",jake butt,TE,DEN
13192,"Njoku, David",david njoku,TE,CLE
13193,"Smith, Jonnu",jonnu smith,TE,TEN
13194,"Sprinkle, Jeremy",jeremy sprinkle,TE,WAS
13195,"Leggett, Jordan",jordan leggett,TE,FA
13197,"Roberts, Michael",michael roberts,TE,FA
13234,"Mack, Marlon",marlon mack,RB,IND
13235,"Malone, Josh",josh malone,WR,NYJ
13236,"Everett, Gerald",gerald everett,TE,LAR
13238,"Davis, Robert",robert davis,WR,FA
13239,"Penny, Elijhaa",elijhaa penny,RB,NYG
13240,"Hill, Brian",brian hill,RB,ATL
13241,"Rosas, Aldrick",aldrick rosas,K,JAC
13246,"Alie-Cox, Mo",mo aliecox,TE,IND
13254,"Shaheen, Adam",adam shaheen,TE,MIA
13277,"Golladay, Kenny",kenny golladay,WR,DET
13280,"Williams, Chad",chad williams,WR,KCC
13289,"Hollins, Mack",mack hollins,WR,MIA
13290,"Cohen, Tarik",tarik cohen,RB,CHI
13299,"Kittle, George",george kittle,TE,SFO
13303,"Elliott, Jake",jake elliott,K,PHI
13308,"Agnew, Jamal",jamal agnew,WR,DET
13313,"McKenzie, Isaiah",isaiah mckenzie,WR,BUF
13315,"Saubert, Eric",eric saubert,TE,JAC
13316,"Taylor, Trent",trent taylor,WR,SFO
13319,"Jones, Aaron",aaron jones,RB,GBP
13326,"Armah, Alexander",alexander armah,RB,CAR
13334,"Henderson, De'Angelo",deangelo henderson,RB,FA
13347,"Gonzalez, Zane",zane gonzalez,K,ARI
13348,"Moore, David",david moore,WR,SEA
13354,"Butker, Harrison",harrison butker,K,KCC
13364,"Carson, Chris",chris carson,RB,SEA
13366,"Schreck, Mason",mason schreck,TE,CIN
13367,"Carr, Austin",austin carr,WR,FA
13369,"Carter, Cethan",cethan carter,TE,CIN
13370,"Hogan, Krishawn",krishawn hogan,WR,ARI
13375,"Bolden, Victor",victor bolden,WR,DET
13377,"Patrick, Tim",tim patrick,WR,DEN
13378,"Breida, Matt",matt breida,RB,MIA
13382,"Seals-Jones, Ricky",ricky sealsjones,TE,KCC
13384,"Mizzell, Taquan",taquan mizzell,RB,NYG
13387,"Johnson, Marcus",marcus johnson,WR,FA
13389,"Sloter, Kyle",kyle sloter,QB,LVR
13391,"Hollister, Jacob",jacob hollister,TE,SEA
13396,"Daniels, Darrell",darrell daniels,TE,ARI
13398,"White, Tim",tim white,WR,FA
13403,"Koo, Younghoe",younghoe koo,K,ATL
13404,"Ekeler, Austin",austin ekeler,RB,LAC
13406,"Adeboyejo, Quincy",quincy adeboyejo,WR,NEP
13411,"Swoopes, Tyrone",tyrone swoopes,TE,WAS
13412,"Cole, Keelan",keelan cole,WR,JAC
13416,"Walker, P.J.",pj walker,QB,CAR
13418,"Bourne, Kendrick",kendrick bourne,WR,SFO
13424,"Hill, Taysom",taysom hill,QB,NOS
13427,"Tonyan, Robert",robert tonyan,TE,GBP
13438,"Culkin, Sean",sean culkin,TE,BAL
13445,"Auclair, Antony",antony auclair,TE,TBB
13452,"Edmunds, Trey",trey edmunds,RB,PIT
13455,"Ricard, Patrick",patrick ricard,RB,BAL
13476,"Baylis, Evan",evan baylis,TE,FA
13488,"Pascal, Zach",zach pascal,WR,IND
13503,"Kemp, Marcus",marcus kemp,WR,KCC
13505,"Hall, Marvin",marvin hall,WR,CLE
13510,"Mickens, Jaydon",jaydon mickens,WR,TBB
13529,"Natson, JoJo",jojo natson,WR,CLE
13544,"Wilson, Bobo",bobo wilson,WR,FA
13564,"Ficken, Sam",sam ficken,K,NYJ
13585,"Zylstra, Brandon",brandon zylstra,WR,CAR
13589,"Allen, Josh",josh allen,QB,BUF
13590,"Mayfield, Baker",baker mayfield,QB,CLE
13591,"Rosen, Josh",josh rosen,QB,SFO
13592,"Darnold, Sam",sam darnold,QB,NYJ
13593,"Jackson, Lamar",lamar jackson,QB,BAL
13594,"Falk, Luke",luke falk,QB,FA
13595,"Rudolph, Mason",mason rudolph,QB,PIT
13596,"Barrett, J.T.",jt barrett,QB,FA
13598,"White, Mike",mike white,QB,NYJ
13600,"Benkert, Kurt",kurt benkert,QB,ATL
13601,"Lauletta, Kyle",kyle lauletta,QB,CLE
13604,"Barkley, Saquon",saquon barkley,RB,NYG
13605,"Guice, Derrius",derrius guice,RB,FA
13606,"Jones, Ronald",ronald jones,RB,TBB
13607,"Michel, Sony",sony michel,RB,NEP
13608,"Penny, Rashaad",rashaad penny,RB,SEA
13610,"Chubb, Nick",nick chubb,RB,CLE
13611,"Adams, Josh",josh adams,RB,NYJ
13612,"Johnson, Kerryon",kerryon johnson,RB,DET
13613,"Samuels, Jaylen",jaylen samuels,RB,PIT
13614,"Lindsay, Phillip",phillip lindsay,RB,DEN
13615,"Scarbrough, Bo",bo scarbrough,RB,SEA
13616,"Walton, Mark",mark walton,RB,FA
13617,"Freeman, Royce",royce freeman,RB,DEN
13619,"Kelly, John",john kelly,RB,CLE
13620,"Jackson, Justin",justin jackson,RB,LAC
13621,"Ballage, Kalen",kalen ballage,RB,LAC
13622,"Hines, Nyheim",nyheim hines,RB,IND
13623,"Williams, Darrel",darrel williams,RB,KCC
13628,"Thomas, Roc",roc thomas,RB,FA
13629,"Ridley, Calvin",calvin ridley,WR,ATL
13630,"Sutton, Courtland",courtland sutton,WR,DEN
13631,"Washington, James",james washington,WR,PIT
13632,"Lazard, Allen",allen lazard,WR,GBP
13633,"Kirk, Christian",christian kirk,WR,ARI
13634,"Pettis, Dante",dante pettis,WR,NYG
13635,"Moore, D.J.",dj moore,WR,CAR
13636,"Cain, Deon",deon cain,WR,BAL
13637,"St. Brown, Equanimeous",equanimeous st brown,WR,GBP
13638,"Berrios, Braxton",braxton berrios,WR,NYJ
13639,"Miller, Anthony",anthony miller,WR,CHI
13640,"Callaway, Antonio",antonio callaway,WR,KCC
13641,"McCloud, Ray-Ray",rayray mccloud,WR,PIT
13642,"Tate, Auden",auden tate,WR,CIN
13644,"Wims, Javon",javon wims,WR,CHI
13645,"Smith, Tre'Quan",trequan smith,WR,NOS
13646,"Gallup, Michael",michael gallup,WR,DAL
13647,"Ateman, Marcell",marcell ateman,WR,LVR
13648,"Burnett, Deontay",deontay burnett,WR,PHI
13649,"Hamilton, DaeSean",daesean hamilton,WR,DEN
13652,"Wilson, Cedrick",cedrick wilson,WR,DAL
13653,"Foster, Robert",robert foster,WR,WAS
13655,"Phillips, Cam",cam phillips,WR,FA
13656,"Weah, Jester",jester weah,WR,CHI
13657,"Moore, J'Mon",jmon moore,WR,HOU
13658,"Lasley, Jordan",jordan lasley,WR,FA
13659,"Mitchell, Steven",steven mitchell,WR,HOU
13662,"Coutee, Keke",keke coutee,WR,HOU
13663,"Scott, Jaleel",jaleel scott,WR,NYJ
13664,"Quinn, Trey",trey quinn,WR,LVR
13666,"Fountain, Daurice",daurice fountain,WR,IND
13668,"Chark, D.J.",dj chark,WR,JAC
13669,"Turner, Malik",malik turner,WR,DAL
13671,"Andrews, Mark",mark andrews,TE,BAL
13672,"Gesicki, Mike",mike gesicki,TE,MIA
13673,"Fumagalli, Troy",troy fumagalli,TE,DEN
13674,"Goedert, Dallas",dallas goedert,TE,PHI
13675,"Conklin, Tyler",tyler conklin,TE,MIN
13676,"Smythe, Durham",durham smythe,TE,MIA
13678,"Thomas, Ian",ian thomas,TE,CAR
13679,"Herndon, Chris",chris herndon,TE,NYJ
13680,"Hurst, Hayden",hayden hurst,TE,ATL
13718,"Carlson, Daniel",daniel carlson,K,LVR
13719,"Pineiro, Eddy",eddy pineiro,K,CHI
13722,"Jarwin, Blake",blake jarwin,TE,DAL
13724,"James, Richie",richie james,WR,SFO
13726,"Edmonds, Chase",chase edmonds,RB,ARI
13753,"Akins, Jordan",jordan akins,TE,HOU
13763,"Dissly, Will",will dissly,TE,SEA
13768,"Smith, Ito",ito smith,RB,ATL
13772,"Schultz, Dalton",dalton schultz,TE,DAL
13776,"Watson, Justin",justin watson,WR,TBB
13789,"Wilkins, Jordan",jordan wilkins,RB,IND
13793,"Valdes-Scantling, Marquez",marquez valdesscantling,WR,GBP
13794,"Ratley, Damion",damion ratley,WR,HOU
13807,"Cantrell, Dylan",dylan cantrell,TE,WAS
13809,"Gage, Russell",russell gage,WR,ATL
13814,"Scott, Boston",boston scott,RB,PHI
13816,"Cannon, Trenton",trenton cannon,RB,CAR
13819,"Thomas, Jordan",jordan thomas,TE,IND
13824,"Etling, Danny",danny etling,QB,SEA
13825,"McGough, Alex",alex mcgough,QB,SEA
13832,"Sanders, Jason",jason sanders,K,MIA
13838,"Bawden, Nick",nick bawden,RB,DET
13846,"Woodside, Logan",logan woodside,QB,TEN
13847,"Izzo, Ryan",ryan izzo,TE,NEP
13849,"Nall, Ryan",ryan nall,RB,CHI
13850,"Edwards, Gus",gus edwards,RB,BAL
13851,"Hollister, Cody",cody hollister,WR,TEN
13857,"Yelder, Deon",deon yelder,TE,KCC
13862,"Cracraft, River",river cracraft,WR,SFO
13863,"Pringle, Byron",byron pringle,WR,KCC
13864,"Ward, Greg",greg ward,WR,PHI
13868,"Boone, Mike",mike boone,RB,MIN
13871,"Hilliard, Dontrell",dontrell hilliard,RB,HOU
13873,"Boyle, Tim",tim boyle,QB,GBP
13874,"Wilson, Shaun",shaun wilson,RB,FA
13877,"Vedvik, Kaare",kaare vedvik,K,FA
13878,"Board, C.J.",cj board,WR,NYG
13879,"Allen, Kyle",kyle allen,QB,WAS
13880,"Arnold, Dan",dan arnold,TE,ARI
13882,"Kirkwood, Keith",keith kirkwood,WR,CAR
13884,"Smith, Vyncint",vyncint smith,WR,NYJ
13890,"Croom, Jason",jason croom,TE,PHI
13893,"Sherfield, Trent",trent sherfield,WR,ARI
13895,"Sims, Cam",cam sims,WR,WAS
13898,"Joseph, Greg",greg joseph,K,FA
13900,"Bertolet, Taylor",taylor bertolet,K,FA
13909,"Maher, Brett",brett maher,K,ARI
13910,"Powell, Brandon",brandon powell,WR,ATL
13911,"Willies, Derrick",derrick willies,WR,CLE
13912,"Batson, Cameron",cameron batson,WR,TEN
13916,"Howell, Buddy",buddy howell,RB,HOU
13919,"Firkser, Anthony",anthony firkser,TE,TEN
13940,"Mundt, Johnny",johnny mundt,TE,LAR
13958,"Turner, De'Lance",delance turner,RB,FA
13961,"Dawkins, Dalyn",dalyn dawkins,RB,FA
13963,"Hodge, KhaDarel",khadarel hodge,WR,CLE
13968,"Mullens, Nick",nick mullens,QB,SFO
13980,"Badgley, Mike",mike badgley,K,LAC
13988,"Dwelley, Ross",ross dwelley,TE,SFO
13990,"Scott, Da'Mari",damari scott,WR,NYG
13994,"Brown, Pharaoh",pharaoh brown,TE,HOU
13999,"Beebe, Chad",chad beebe,WR,MIN
14017,"Wilson, Jeffery",jeffery wilson,RB,SFO
14045,"Lacy, Chris",chris lacy,WR,DAL
14056,"Murray, Kyler",kyler murray,QB,ARI
14057,"Lock, Drew",drew lock,QB,DEN
14058,"Haskins, Dwayne",dwayne haskins,QB,PIT
14059,"Jones, Daniel",daniel jones,QB,NYG
14060,"Jackson, Tyree",tyree jackson,QB,PHI
14061,"McSorley, Trace",trace mcsorley,QB,BAL
14062,"Grier, Will",will grier,QB,CAR
14063,"Stidham, Jarrett",jarrett stidham,QB,NEP
14064,"Thorson, Clayton",clayton thorson,QB,NYG
14065,"Rypien, Brett",brett rypien,QB,DEN
14067,"Minshew, Gardner",gardner minshew,QB,JAC
14068,"Finley, Ryan",ryan finley,QB,CIN
14069,"Stick, Easton",easton stick,QB,LAC
14070,"Blough, David",david blough,QB,DET
14071,"Montgomery, David",david montgomery,RB,CHI
14072,"Snell, Benny",benny snell,RB,PIT
14073,"Jacobs, Josh",josh jacobs,RB,LVR
14074,"Williams, Dexter",dexter williams,RB,GBP
14075,"Harris, Damien",damien harris,RB,NEP
14076,"Williams, Trayveon",trayveon williams,RB,CIN
14077,"Weber, Mike",mike weber,RB,GBP
14078,"Higdon, Karan",karan higdon,RB,FA
14079,"Sanders, Miles",miles sanders,RB,PHI
14080,"Singletary, Devin",devin singletary,RB,BUF
14081,"Gaskin, Myles",myles gaskin,RB,MIA
14082,"Love, Bryce",bryce love,RB,WAS
14083,"Homer, Travis",travis homer,RB,SEA
14084,"Holyfield, Elijah",elijah holyfield,RB,PHI
14085,"Pollard, Tony",tony pollard,RB,DAL
14086,"Hill, Justice",justice hill,RB,BAL
14087,"Henderson, Darrell",darrell henderson,RB,LAR
14088,"Anderson, Rodney",rodney anderson,RB,FA
14092,"Moore, Jalin",jalin moore,RB,FA
14093,"Armstead, Ryquell",ryquell armstead,RB,JAC
14094,"Scarlett, Jordan",jordan scarlett,RB,MIA
14095,"Johnson, Ty",ty johnson,RB,NYJ
14096,"Ozigbo, Devine",devine ozigbo,RB,JAC
14097,"Ollison, Qadree",qadree ollison,RB,ATL
14098,"Crockett, Damarea",damarea crockett,RB,DEN
14099,"Hall, Darrin",darrin hall,RB,FA
14101,"Harry, N'Keal",nkeal harry,WR,NEP
14102,"Metcalf, DK",dk metcalf,WR,SEA
14103,"Ridley, Riley",riley ridley,WR,CHI
14104,"Brown, A.J.",aj brown,WR,TEN
14105,"Brown, Marquise",marquise brown,WR,BAL
14106,"Butler, Hakeem",hakeem butler,WR,PHI
14107,"Arcega-Whiteside, JJ",jj arcegawhiteside,WR,PHI
14108,"Dortch, Greg",greg dortch,WR,ATL
14109,"McLaurin, Terry",terry mclaurin,WR,WAS
14110,"Sills, David",david sills,WR,NYG
14111,"Lodge, DaMarkus",damarkus lodge,WR,FA
14112,"Campbell, Parris",parris campbell,WR,IND
14113,"Hardman, Mecole",mecole hardman,WR,KCC
14114,"Harmon, Kelvin",kelvin harmon,WR,WAS
14115,"Hall, Emanuel",emanuel hall,WR,WAS
14116,"Hurd, Jalen",jalen hurd,WR,SFO
14117,"Johnson, Tyron",tyron johnson,WR,LAC
14118,"Humphrey, Lil'Jordan",liljordan humphrey,WR,NOS
14119,"Johnson, Anthony",anthony johnson,WR,PIT
14120,"Jennings, Gary",gary jennings,WR,IND
14121,"Isabella, Andy",andy isabella,WR,ARI
14122,"Slayton, Darius",darius slayton,WR,NYG
14123,"Renfrow, Hunter",hunter renfrow,WR,LVR
14124,"Johnson, KeeSean",keesean johnson,WR,ARI
14125,"Boykin, Miles",miles boykin,WR,BAL
14126,"Williams, Preston",preston williams,WR,MIA
14127,"Meyers, Jakobi",jakobi meyers,WR,NEP
14129,"Mitchell, Dillon",dillon mitchell,WR,FA
14130,"Wesley, Antoine",antoine wesley,WR,BAL
14131,"Morgan, Stanley",stanley morgan,WR,CIN
14132,"Custis, Jamal",jamal custis,WR,FA
14134,"Dixon, Johnnie",johnnie dixon,WR,FA
14136,"Samuel, Deebo",deebo samuel,WR,SFO
14137,"Fant, Noah",noah fant,TE,DEN
14138,"Hockenson, T.J.",tj hockenson,TE,DET
14139,"Mack, Alize",alize mack,TE,FA
14140,"Sternberger, Jace",jace sternberger,TE,GBP
14141,"Smith Jr., Irv",irv smith,TE,MIN
14142,"Smith, Kaden",kaden smith,TE,NYG
14143,"Knox, Dawson",dawson knox,TE,BUF
14144,"Nauta, Isaac",isaac nauta,TE,GBP
14145,"Wilson, Caleb",caleb wilson,TE,PHI
14146,"Sample, Drew",drew sample,TE,CIN
14191,"Barnes, Alex",alex barnes,RB,FA
14192,"Williams, James",james williams,RB,FA
14194,"Wade, Christian",christian wade,RB,BUF
14195,"Warring, Kahale",kahale warring,TE,HOU
14208,"Johnson, Diontae",diontae johnson,WR,PIT
14209,"Oliver, Josh",josh oliver,TE,JAC
14223,"Mattison, Alexander",alexander mattison,RB,MIN
14231,"Wesco, Trevon",trevon wesco,TE,NYJ
14239,"Moreau, Foster",foster moreau,TE,LVR
14240,"Gentry, Zach",zach gentry,TE,PIT
14244,"Gay, Matt",matt gay,K,LAR
14258,"Seibert, Austin",austin seibert,K,CIN
14265,"Fulgham, Travis",travis fulgham,WR,PHI
14267,"Winfree, Juwann",juwann winfree,WR,GBP
14277,"Green, Marcus",marcus green,WR,FA
14280,"Miller, Scott",scott miller,WR,TBB
14284,"Thompson, Darwin",darwin thompson,RB,KCC
14287,"Gillaspia, Cullen",cullen gillaspia,RB,HOU
14289,"Whyte, Kerrith",kerrith whyte,RB,FA
14294,"Sweeney, Tommy",tommy sweeney,TE,BUF
14295,"Cox, Chandler",chandler cox,RB,FA
14297,"Ursua, John",john ursua,WR,SEA
14298,"Godwin, Terry",terry godwin,WR,JAC
14305,"Johnson, Olabisi",olabisi johnson,WR,MIN
14313,"Butler, Emmanuel",emmanuel butler,WR,FA
14314,"Anderson, Bruce",bruce anderson,RB,FA
14315,"Dulin, Ashton",ashton dulin,WR,IND
14316,"Hart, Penny",penny hart,WR,SEA
14317,"Doss, Keelan",keelan doss,WR,LVR
14318,"Ferguson, Jazz",jazz ferguson,WR,FA
14319,"Beck, Andrew",andrew beck,TE,DEN
14320,"Badet, Jeff",jeff badet,WR,WAS
14321,"Thompson, Cody",cody thompson,WR,SEA
14324,"Raymond, Dax",dax raymond,TE,PIT
14329,"White Jr., Reggie",reggie white,WR,FA
14330,"Shepherd, Darrius",darrius shepherd,WR,FA
14331,"Johnson, D'Ernest",dernest johnson,RB,CLE
14332,"Conrad, C.J.",cj conrad,TE,FA
14333,"Hills, Wes",wes hills,RB,FA
14335,"Fry, Elliott",elliott fry,K,ATL
14336,"Johnson, Jon'Vea",jonvea johnson,WR,DAL
14337,"Guyton, Jalen",jalen guyton,WR,LAC
14338,"Hilliman, Jon",jon hilliman,RB,FA
14339,"Grayson, Cyril",cyril grayson,WR,FA
14341,"Parham, Donald",donald parham,TE,LAC
14342,"Blake, Christian",christian blake,WR,ATL
14344,"Dolegala, Jacob",jacob dolegala,QB,NEP
14348,"Hyman, Ishmael",ishmael hyman,WR,CAR
14350,"Chunn, Jordan",jordan chunn,RB,NYG
14352,"Brown, Fred",fred brown,WR,FA
14356,"Keizer, Nick",nick keizer,TE,KCC
14358,"Browning, Jake",jake browning,QB,MIN
14359,"Johnson, Jakob",jakob johnson,RB,NEP
14363,"Rader, Kevin",kevin rader,TE,PIT
14365,"Patton, Andre",andre patton,WR,FA
14367,"Helm, Daniel",daniel helm,TE,FA
14368,"Walter, Austin",austin walter,RB,SFO
14370,"Hudson, Tanner",tanner hudson,TE,TBB
14372,"Holtz, J.P.",jp holtz,TE,CHI
14373,"Willis, Damion",damion willis,WR,FA
14387,"Santoso, Ryan",ryan santoso,K,NYG
14419,"Brown, Jon",jon brown,K,FA
14420,"Ingold, Alec",alec ingold,RB,LVR
14426,"Wright, Matthew",matthew wright,K,DET
14435,"Bonnafon, Reggie",reggie bonnafon,RB,CAR
14440,"Walker, Michael",michael walker,WR,FA
14450,"Davis, Felton",felton davis,WR,FA
14458,"Cox, Jeremy",jeremy cox,RB,DEN
14464,"Graham, Jaeden",jaeden graham,TE,ATL
14465,"Brooks-James, Tony",tony brooksjames,RB,ATL
14481,"Bryant, Ventell",ventell bryant,WR,CAR
14486,"Montgomery, D.J.",dj montgomery,WR,NYJ
14488,"Carlson, Stephen",stephen carlson,TE,CLE
14499,"Benson, Trinity",trinity benson,WR,DEN
14510,"Anderson, Drew",drew anderson,QB,FA
14517,"Baugh, Marcus",marcus baugh,TE,WAS
14533,"Taylor, Malik",malik taylor,WR,GBP
14545,"Moore, Jason",jason moore,WR,LAC
14548,"Bachman, Alex",alex bachman,WR,NYG
14549,"Webster, Nsimba",nsimba webster,WR,LAR
14551,"Irwin, Trenton",trenton irwin,WR,CIN
14552,"Blasingame, Khari",khari blasingame,RB,TEN
14554,"Hollins, Alexander",alexander hollins,WR,CLE
14555,"Olszewski, Gunner",gunner olszewski,WR,NEP
14558,"Harris, Deonte",deonte harris,WR,NOS
14560,"Wesley, Alex",alex wesley,WR,FA
14561,"Smith, Jeff",jeff smith,WR,NYJ
14563,"Thompkins, DeAndre",deandre thompkins,WR,FA
14565,"Spencer, Diontae",diontae spencer,WR,DEN
14591,"Lovett, John",john lovett,TE,GBP
14592,"Zaccheaus, Olamide",olamide zaccheaus,WR,ATL
14600,"Slye, Joey",joey slye,K,CAR
14612,"Laird, Patrick",patrick laird,RB,MIA
14613,"Sims, Steven",steven sims,WR,WAS
14618,"Hodges, Devlin",devlin hodges,QB,LAR
14622,"Ta'amu, Jordan",jordan taamu,QB,KCC
14650,"Vizcaino, Tristan",tristan vizcaino,K,FA
14654,"Hentges, Hale",hale hentges,TE,MIN
14665,"Dillon, Brandon",brandon dillon,TE,MIN
14717,"McLaughlin, Chase",chase mclaughlin,K,NYJ
14727,"Reynolds, Craig",craig reynolds,RB,JAC
14752,"Horsted, Jesper",jesper horsted,TE,CHI
14760,"Gafford, Rico",rico gafford,WR,ARI
14777,"Burrow, Joe",joe burrow,QB,CIN
14778,"Tagovailoa, Tua",tua tagovailoa,QB,MIA
14779,"Herbert, Justin",justin herbert,QB,LAC
14780,"Eason, Jacob",jacob eason,QB,IND
14781,"Fromm, Jake",jake fromm,QB,BUF
14782,"Love, Jordan",jordan love,QB,GBP
14783,"Hurts, Jalen",jalen hurts,QB,PHI
14784,"Montez, Steven",steven montez,QB,WAS
14785,"Stanley, Nate",nate stanley,QB,MIN
14786,"Patterson, Shea",shea patterson,QB,FA
14787,"Gordon, Anthony",anthony gordon,QB,KCC
14788,"Lewerke, Brian",brian lewerke,QB,FA
14789,"Huntley, Tyler",tyler huntley,QB,BAL
14790,"Morgan, James",james morgan,QB,NYJ
14791,"Fine, Mason",mason fine,QB,FA
14792,"Perkins, Bryce",bryce perkins,QB,LAR
14793,"Luton, Jake",jake luton,QB,JAC
14794,"McDonald, Cole",cole mcdonald,QB,ARI
14795,"Bryant, Kelly",kelly bryant,QB,FA
14796,"Neal, Riley",riley neal,QB,FA
14797,"Swift, D'Andre",dandre swift,RB,DET
14798,"Moss, Zack",zack moss,RB,BUF
14799,"Akers, Cam",cam akers,RB,LAR
14800,"Dobbins, J.K.",jk dobbins,RB,BAL
14801,"Benjamin, Eno",eno benjamin,RB,ARI
14802,"Taylor, Jonathan",jonathan taylor,RB,IND
14803,"Edwards-Helaire, Clyde",clyde edwardshelaire,RB,KCC
14804,"McFarland, Anthony",anthony mcfarland,RB,PIT
14805,"Dillon, AJ",aj dillon,RB,GBP
14806,"Perine, Lamical",lamical perine,RB,NYJ
14807,"Kelley, Joshua",joshua kelley,RB,LAC
14808,"Evans, Darrynton",darrynton evans,RB,TEN
14809,"Smith, Rodney",rodney smith,RB,CAR
14810,"Vaughn, Ke'Shawn",keshawn vaughn,RB,TBB
14811,"Ahmed, Salvon",salvon ahmed,RB,MIA
14812,"Anderson, Darius",darius anderson,RB,IND
14813,"Robinson, James",james robinson,RB,JAC
14814,"Herrien, Brian",brian herrien,RB,FA
14815,"Dallas, DeeJay",deejay dallas,RB,SEA
14816,"Warren, Michael",michael warren,RB,WAS
14817,"Taylor, Patrick",patrick taylor,RB,GBP
14818,"Jones, Xavier",xavier jones,RB,LAR
14819,"Feaster, Tavien",tavien feaster,RB,FA
14820,"Leake, Javon",javon leake,RB,WAS
14821,"Hasty, JaMycal",jamycal hasty,RB,SFO
14822,"Corbin, Reggie",reggie corbin,RB,FA
14823,"Dowdle, Rico",rico dowdle,RB,DAL
14824,"Phillips, Scottie",scottie phillips,RB,HOU
14825,"Conkrite, Jordan",jordan conkrite,RB,FA
14826,"Pierce, Artavis",artavis pierce,RB,CHI
14827,"Taylor, J.J.",jj taylor,RB,NEP
14828,"Jones, Tony",tony jones,RB,NOS
14829,"LeMay, Benny",benny lemay,RB,IND
14830,"Bellamy, LeVante",levante bellamy,RB,DEN
14831,"Killins Jr., Adrian",adrian killins,RB,FA
14832,"Lamb, CeeDee",ceedee lamb,WR,DAL
14833,"Jeudy, Jerry",jerry jeudy,WR,DEN
14834,"Ruggs, Henry",henry ruggs,WR,LVR
14835,"Higgins, Tee",tee higgins,WR,CIN
14836,"Jefferson, Justin",justin jefferson,WR,MIN
14837,"Hamler, KJ",kj hamler,WR,DEN
14838,"Shenault, Laviska",laviska shenault,WR,JAC
14839,"Reagor, Jalen",jalen reagor,WR,PHI
14840,"Aiyuk, Brandon",brandon aiyuk,WR,SFO
14841,"Claypool, Chase",chase claypool,WR,PIT
14842,"Pittman, Michael",michael pittman,WR,IND
14843,"Bowden, Lynn",lynn bowden,RB,MIA
14844,"Edwards, Bryan",bryan edwards,WR,LVR
14845,"Davis, Gabriel",gabriel davis,WR,BUF
14846,"Mims, Denzel",denzel mims,WR,NYJ
14847,"Duvernay, Devin",devin duvernay,WR,BAL
14848,"Proche, James",james proche,WR,BAL
14849,"Hodgins, Isaiah",isaiah hodgins,WR,BUF
14850,"Cephus, Quintez",quintez cephus,WR,DET
14851,"Hill, K.J.",kj hill,WR,LAC
14852,"Gibson, Antonio",antonio gibson,RB,WAS
14853,"Johnson, Collin",collin johnson,WR,JAC
14854,"Victor, Binjimen",binjimen victor,WR,BAL
14855,"Mack, Austin",austin mack,WR,NYG
14856,"Davis, Quartney",quartney davis,WR,IND
14857,"Peoples-Jones, Donovan",donovan peoplesjones,WR,CLE
14858,"Jefferson, Van",van jefferson,WR,LAR
14859,"Jackson, Trishton",trishton jackson,WR,LAR
14860,"Jennings, Jauan",jauan jennings,WR,SFO
14861,"Johnson, Juwan",juwan johnson,WR,NOS
14862,"Reed, Joe",joe reed,WR,LAC
14863,"Gandy-Golden, Antonio",antonio gandygolden,WR,WAS
14864,"Johnson, Tyler",tyler johnson,WR,TBB
14865,"Swain, Freddie",freddie swain,WR,SEA
14866,"Thomas, Jeff",jeff thomas,WR,FA
14867,"Kmet, Cole",cole kmet,TE,CHI
14868,"Hopkins, Brycen",brycen hopkins,TE,LAR
14869,"Moss, Thaddeus",thaddeus moss,TE,WAS
14870,"Trautman, Adam",adam trautman,TE,NOS
14871,"Parkinson, Colby",colby parkinson,TE,SEA
14872,"Pinkney, Jared",jared pinkney,TE,TEN
14873,"Okwuegbunam, Albert",albert okwuegbunam,TE,DEN
14874,"Bryant, Hunter",hunter bryant,TE,DET
14875,"Bryant, Harrison",harrison bryant,TE,CLE
14876,"Deguara, Josiah",josiah deguara,TE,GBP
14912,"Blankenship, Rodrigo",rodrigo blankenship,K,IND
14914,"Hajrullahu, Lirim",lirim hajrullahu,K,CAR
14915,"MacGinnis, Austin",austin macginnis,K,LAR
14917,"Patrick, Jacques",jacques patrick,RB,CIN
14936,"Asiasi, Devin",devin asiasi,TE,NEP
14939,"Keene, Dalton",dalton keene,TE,NEP
14965,"Rohrwasser, Justin",justin rohrwasser,K,NEP
14969,"Hightower, John",john hightower,WR,PHI
14972,"Coulter, Isaiah",isaiah coulter,WR,HOU
14973,"Huntley, Jason",jason huntley,RB,PHI
14974,"Mooney, Darnell",darnell mooney,WR,CHI
14977,"Osborn, K.J.",kj osborn,WR,MIN
14983,"Bass, Tyler",tyler bass,K,BUF
14984,"Woerner, Charlie",charlie woerner,TE,SFO
14992,"Watkins, Quez",quez watkins,WR,PHI
14996,"Davis, Tyler",tyler davis,TE,JAC
14998,"Patmon, Dezmon",dezmon patmon,WR,IND
15008,"DiNucci, Ben",ben dinucci,QB,DAL
15017,"Stevens, Tommy",tommy stevens,QB,CAR
15021,"Calais, Raymond",raymond calais,RB,LAR
15022,"Perry, Malcolm",malcolm perry,RB,MIA
15024,"Sloman, Sam",sam sloman,K,TEN
15026,"Sullivan, Stephen",stephen sullivan,TE,CAR
15027,"Cleveland, Tyrie",tyrie cleveland,WR,DEN
15033,"Begelton, Reggie",reggie begelton,WR,GBP
15034,"Callaway, Marquez",marquez callaway,WR,NOS
15035,"Wolford, John",john wolford,QB,LAR
15036,"Smith, J'mar",jmar smith,QB,FA
15037,"Lipscomb, Kalija",kalija lipscomb,WR,FA
15038,"Bayless, Omar",omar bayless,WR,CAR
15039,"Parker, Aaron",aaron parker,WR,DAL
15040,"Williams, Ty'Son",tyson williams,RB,BAL
15041,"Cager, Lawrence",lawrence cager,WR,NYJ
15042,"Ward, Jonathan",jonathan ward,RB,ARI
15043,"Hastings, Will",will hastings,WR,FA
15044,"Scarlett, Cameron",cameron scarlett,RB,FA
15045,"Breeland, Jacob",jacob breeland,TE,BAL
15046,"Merritt, Kirk",kirk merritt,WR,MIA
15048,"Campbell, George",george campbell,WR,FA
15050,"Taumoepeau, Charlie",charlie taumoepeau,TE,FA
15052,"Stewart, Darrell",darrell stewart,WR,FA
15053,"Rowland, Chris",chris rowland,WR,ATL
15054,"Ricci, Giovanni",giovanni ricci,TE,CAR
15057,"Chisena, Dan",dan chisena,WR,MIN
15060,"Streveler, Chris",chris streveler,QB,ARI
15064,"Ross, Devin",devin ross,WR,FA
15065,"Edwards, Earnest",earnest edwards,WR,FA
15066,"Wolf, Eli",eli wolf,TE,BAL
15069,"Fuller, Aaron",aaron fuller,WR,SEA
15070,"Fortson, Jody",jody fortson,WR,FA
15075,"McCann, Tucker",tucker mccann,K,TEN
15077,"Wright, Isaiah",isaiah wright,WR,WAS
15080,"Togiai, Noah",noah togiai,TE,IND
15087,"Cottrell, Nathan",nathan cottrell,RB,JAC
15088,"Ellefson, Ben",ben ellefson,TE,JAC
15096,"Nabers, Gabe",gabe nabers,RB,LAC
15097,"McKeon, Sean",sean mckeon,TE,DAL
15098,"Bradwell, Darius",darius bradwell,RB,LAC
15103,"Gilliam, Reggie",reggie gilliam,TE,BUF
15109,"Westbrook, Nick",nick westbrook,WR,TEN
15111,"Wright, Brandon",brandon wright,K,LAR
15116,"Zuber, Isaiah",isaiah zuber,WR,NEP
15123,"Thompson, Colin",colin thompson,TE,CAR
15149,"Harris, De'Michael",demichael harris,WR,IND
15154,"Castillo, Sergio",sergio castillo,K,FA
15156,"Brown, Tony",tony brown,WR,WAS
15172,"Olonilua, Sewo",sewo olonilua,RB,DAL
15183,"Hinton, Kendall",kendall hinton,QB,DEN
15200,"Russolino, Taylor",taylor russolino,K,DEN
15206,"Bradley, Ja'Marcus",jamarcus bradley,WR,CLE
15213,"Sokol, Matt",matt sokol,TE,LAC
15214,"Dafney, Dominique",dominique dafney,TE,GBP
15217,"Berry, Rashod",rashod berry,TE,NEP
15220,"Williams, Antonio",antonio williams,RB,BUF
15224,"Cole, Matt",matt cole,WR,SFO
